{"branches": 12.394957983193278, "coverage": 54.75881929445644}