{"branches": 10.153256704980842, "coverage": 49.88826815642458}